ID,Sentences
1,Apnée du sommeil | Forum Doctissimo | 03/04/2020
2,----------------------------------------------------------------------
3,"Bonjour,"
4,Je suis un homme de 55 ans et appareillé depuis 3 ans d'un PPC.
5,"Je ne sais pas si ma question est valable mais ne trouvant aucune réponse auprès de mon médecin et sur le NET, je me permets, toutefois de vous la poser."
6,Peut-on imaginer que l'action de l'appareil PPC puisse avoir des effet secondaires du à la pression insuflée dans le corps?
7,"En effet, je n'arrive pas a savoir pourquoi je me lève tous les matin avec des douleurs dans le corps, mais sur tout dans le dos ?"
8,"Ci-dessous, les actions déjà entreprises pour identifier les causes de ce constat :"
9,"Dormant habituellement sur le dos, je me suis contraint de dormir sur le côté."
10,Résultat : Aucun changement
11,Changement du matelas (en pensant que l'appareil PPC n'avait rien à voir).
12,Résultat: Aucun changement
13,"Arret, pendant 5 jours (au-delas, pas possible vis-à-vis de la sécu) de l'appareil PPC."
14,Résultat: Les douleurs du réveil semblent s'estomper …
15,"Question général : Peut-on affirmer, sans détour, que l'appareil PPC ne peut en aucun cas générer de douleurs telles que je les ai décrites ?"
16,"Auquel cas, cela me permettrait d'évacuer ce doute et chercherais dans d'autres voies."
17,"En vous remerciant par avance, pour votre réponse,"
18,"Cordialement,"
19,Paul
20,"Bonjour,"
21,L'apparition de vos douleurs depuis l'appareillage sont certainement dues à un changement de position pour dormir en raison du masque.
22,Je suis appareillée depuis maintenant 5 mois et j'ai une recrudescence de mes douleurs au niveau des cervicales et haut du dos.
23,Je pense que je ne dors plus comme avant et peut être moins décontractée.
24,Bon courage à vous
25,Hello
26,"cela fait 8ans que je suis appareillé (bipap), les seules douleurs que j'ai eues sont celles de l’œil (exophtalmie) dues aux fuites d'air."
27,Pour le reste aucun problème.
28,"Bonjour, je suis appareillé depuis 1998."
29,"Il n'y a aucun effet secondaire, j'arrive à oublier la machine, je dors dans toutes les positions et ce n'est que du bonheur lorsque l'on arrive à trouver le bon réglage de l'humidificateur d'eau lors du changement de saison."
30,Vive la machine.
31,"Bonjour,"
32,Votre post m’a rassuré car visiblement je ne suis pas le seul dans ce cas.
33,"Équipé depuis plusieurs années avec un appareil PPC, j ai commencé à ressentir des douleurs lombaires très fortes en fin de nuit (suffisamment forte pour me réveiller chaque jour à 4 heures du matin)."
34,"Changement de matelas, six mois de kinésithérapie pour un résultat nul."
35,"Après l’arret de la machine, les douleurs ont rapidement disparues donc pour moi il est évident qu’il y a un lien de cause à effet."
36,"Dommage collatéral, je me lève de nouveau épuisé depuis l’arret."
37,Mon pneumologue m’oriente aujourd’hui vers une solution d’orthèse mandibulaire.
38,A suivre donc (six mois d’attente pour un rendez-vous alors même que j’habite une grande métropole)...
39,"Cordialement,"
40,Salut à tous!
41,"D'abord je tiens à m'excuser si ce sujet a déjà été abordé ou s'il s'avère être hors-sujet, mais je ne savais pas trop où poster."
42,"Je suis une fille de 17 ans en plutôt bonne santé, or je rencontre depuis peu un problème lorsque je m'endors."
43,"Je ferme les yeux, commence à m'endormir, et je me réveille 5 ou 10 secondes après avec l'impression d'avoir arrêté de respirer, et le coeur qui bat, avec parfois au fur et à mesure une petite douleur qui s'installe dans la poitrine."
44,"J'ai de véritables insomnies à cause de ça, et ce malgré les huiles essentielles que je peux utiliser pour me détendre."
45,Cela ne m'arrive que très rarement.
46,"En 6 mois, j'ai eu ce problème environ 5 fois, mais j'ai peur que cela s'intensifie."
47,"Je ne sais pas comment interpréter ça, et vivant dans un pays reculé je ne trouve pas de bons médecins à qui en parler."
48,Est-ce que quelqu'un pourrait m'éclairer sur ce sujet?
49,ta la même chose que moi il faut que tu dort avec une machine(une sipape) c'est la seul solution je pense .
50,"Bonsoir,"
51,Cela m´arrive depuis une semaine.
52,"Et de plus, je fais des malaises (vertiges pouvant aller jusqu´à l´évanouissement en journée)."
53,Avez vous des nouvelles informations sur ce type d´apnée du sommeil?
54,est ce du au stress?
55,Merci.
56,NM31
57,J'ai la même chose et c'est paniquant totalement quand ça se produit.
58,[smileyper​so
59,"Pour ma part je vais voir mon doc au milieu avril, je vais lui en parler."
60,Consommez-vous beaucoup de produits avec de la caféine?
61,"chocolat, café, etc.?"
62,Et des aliments gras?
63,"Vous dormez sur le dos, le ventre ou le côté."
64,"Dormir sur le dos favorise l'apnée du sommeil, à ce que j'ai entendu."
65,"bonsoir, il faut en parler à son médecin traitant et lui expliquer les symptômes."
66,"pour une suspicion d'apnées du sommeil il faut consulter un pneumo, neuro ou orl (qui fait du sommeil car ils ne le font pas tous pour ce dernier)."
67,il posera des questions pour faire un diagnostique et après effectuera une polygraphie ou polysomnographie si besoin.
68,"s'il y a des apnées en nombre, soit il décide de mettre une ppc soit une orthèse mandibulaire."
69,Si tu dort sur le dos ça peut être ta langue qui obstrue les voies aériennes internes car quand tu es sur le dos et que tu es détendu complétement alors ta langue tombe au début de ta gorge.
70,Essaye de dormir sur le côté ça marchera si ça ne marche pas alors je ne sais pas ce que c'est.
71,"Salut, j' ai le meme probleme depuis des années, j'ai consulte mon medecin qui m'a envoyé vers un spécialiste du sommeil."
72,"Il m a fait faire un test a l'effort, il en ai ressorti qu il ne s'agissait pas d'apnee du sommeil mais certainement d'un probleme d'hygiène de vie et de stress: tabac, café, alimentation grasse, manque de sport, etc...."
73,"La 1ère phase d'endormissement, le passage de l'eveil a l'endormissement est plus complique car pendant cette période, nos muscles se relâche et surtout le rythme cardiaque ralenti."
74,"Lors d'une période de stress ou de tension, cette phase est parfois trop brutale du coup sa provoque se réveil en sursaut, comme si une alarme dans le cerveau nous disait de se reveiller avant de crever."
75,Mais c moins grav que ça n'y parait.
76,Il faut juste adopter une hygiène de vie un peu plus saine.
77,"Moi ça va m'arrive beaucoup moins souvent, et qd ça m'arrive, c a chaque fois pendant une période ou je vai justement etre en manque de sommeil, de stress, ou je fume trop sans faire de sport."
78,JE ne pense pas que ce soit de l'apnée du sommeil.
79,Es-tu en surpoid ?
80,Consulte quand même si cela te pose un problème car ce n'est pas normal d'avoir du mal à trouver le sommeil à 17 ans
81,"Bonjour, j'ai le même phénomène que vous !"
82,"par contre, je ne fume pas, ne boit pas d'alcool."
83,"Je prend du café, mais raisonnablement."
84,"Je fais pas trop de sport, mais je marche quand même un peu."
85,"Il y a des grandes périodes ou je n'ai pas du tout ce problème et comme cette semaine, cela m'est arrivé 2 fois ou je n'arrive pas à dormir jusqu'au milieu de la nuit."
86,"A chaque fois, cela me réveil en sursaut, le coeur qui bat à tout rompre et je l'entend même dans les oreilles."
87,"De plus, je ressent comme une sensation d'angoisse, je n'ai mal nul part, mais c'est juste un sensation désagréable."
88,"J'ai effectivement quelques kilo à perdre, mais je pense que si c'était lié à l’hygiène de vie, ça serait toutes les nuits!"
89,"Je me demandais, si cela ne pouvait pas être aussi lié à des soucis, par exemple de travail, couple ect.."
90,"Bonjour, même problème avec une petite cerise sur le gâteau : les sédatifs légers aggravent le problème."
91,Je me permets de citer une personne sur doctissimo il y a 5 ans :
92,"""Mon cas : apnées centrales à l'endormissement."
93,"Je m'endors et je m'arrête de respirer, je me réveille, m'endors et arrête de respirer..."
94,"Puis, après 5 mois plus qu'horribles, épuisement total, la solution, d'une simplicité tellement incroyable que beaucoup ne me croiront pas."
95,"Après un article en anglais sur un site américain, je m'intéresse aux échange gazeux et à leur rôle sur le cerveau pour contrôler la respiration pendant qu'on dort."
96,"Pour faire simple, en trois jours, c'était terminé."
97,"J'ai simplement contrôlé ma respiration, en la ralentissant et en évitant d'expirer sans arrêt (ce que le stress me faisait faire inconsciemment auparavant)."
98,"Respiration lente et contrôlée au maximum pendant deux-trois jours et mon cauchemar s'est arrêté."""
99,"Bonjour,"
100,"Je fais des apnées du sommeil depuis un certain temps, je suis appareillé avec un masque nasal et depuis le mois de septembre au moment de m’endormir lorsque je fais la sieste ou le soir au coucher, j’ai la sensation d’étouffée, cela m’arrive une dizaine de fois avant de m’endormir, ensuite je dors très bien et n’es plus cette sensation."
101,"Je suis retournais voir mon pneumologue qui a été très surpris de ce phénomène, il m’a conseillé de mettre un masque facial, ce que j’ai fait."
102,"Au début cela allait très bien, mais cette sensation d’étouffement à l’endormissement est réapparue, c’est très désagréable car on a l’impression que l’on va mourir."
103,Mon pneumologue ne trouve pas de solution et mon médecin traitant me dit que ce n’est pas grave.
104,Mais maintenant quand je mets mon masque j’appréhende.
105,Quelqu’un aurait-il déjà vécu cette sensation et aurait-il une solution.
106,Merci de votre aide.
107,S'habituer à l'appareillage est souvent une phase délicate pour les patients dans votre situation.
108,"La plupart y arrivent cependant, après quelques essais, en changeant parfois le type de masque."
109,"Il faut un peu de persévérance, courage."
110,J'ai la même sensation.
111,"Je ne peux plus expirer, j'ai trop d'air."
112,"Je n'ai que la solution d'expirer par la bouche, je sais qu'il faut respirer la bouche fermée mais j'étouffe."
113,Alors je l'enlève et je recommence la nuit suivante en espérant que ça ira mieux.
114,Est-ce que ça provient d'un réglage à faire ?
115,Ou alors faut-il simplement s'habituer à la machine ?
116,"Bonjour,"
117,"Cela fait plusieurs années que j'ai cet appareil et je n'avais aucun problème, celui-ci est survenu il y a 5 mois et je ne comprends toujours pas."
118,"Bonjour,"
119,"Il faudrait que tu vois avec ton pneumologue et que tu les expliques cette sensation désagréable, ensuite il demandera sans doute au technicien de venir modifier la pression de l'air."
120,"c'est déjà fait, j'ai revu mon pneumologue et il ne comprends, il m'a fait des examens et ne trouve rien d’anormal, nous avons changé la pression avec le technicien et toujours le même problème."
121,Peut être que c'est psychologique.
122,J'en ai parlé aussi au psychiatre et il ne comprends non plus.
123,"Bonjour, nouvelle sur ce forum j'espère pouvoir vous apporter quelques réponses."
124,Mon époux est appareillé d'un masque depuis 7 mois.
125,"Il faisait des apnées très longues, son sommeil était très perturbé."
126,"Il s'endormait partout, au travail, et aussi une fois au volant de sa voiture."
127,Moi je ne dormais plus et je comptait les secondes ou il ne respirait plus.
128,"Avec l’appareil, il dort mieux, ne ronfle plus et son sommeil est réparateur."
129,Il est néanmoins devenu très sensible aux rhinites.
130,"Comme c'est une contrainte relativement importante, il a bien pesez le pour et le contre."
131,"Il existe plusieurs masques, il faut simplement trouver celui qui vous convient le mieux."
132,"Suivi en neurophysiologie, actuellement il ne fait plus d'apnée."
133,Bien cordialement
134,"Maintenant j'ai la bouche sèche, ce qui me réveille aussi."
135,J'ai un humidificateur il va falloir que je m'en serve.
136,Mais j'ai vraiment du mal à m'habituer à l'appareil ce qui me vaut plusieurs réveils dans la nuit.
137,"Le technicien doit passer prochainement, peut-être y a t-il des réglages à effectuer, ça ne fait pas longtemps que je suis appareillée."
138,Je dors en moyenne cinq heures par nuit avec l'appareil.
139,Et je ne me sens pas plus reposée.
140,Bien sûr qu'il faut utiliser l'humidificateur....
141,"comme ça on a la gorge moins sèche, malheureusement, en tout cas en ce qui me concerne, celà ne règle pas complètement cette sensation."
142,En me réveillant je bois un verre d'eau et suce une pastille Vichy et c fini !
143,"Cela va nettement mieux avec l'humidificateur, je n'ai plus la bouche sèche ."
144,"Cette nuit j'ai bien dormi bien qu'elle fût quand même courte, cinq heures quarante cinq de sommeil."
145,Le technicien est passé et m'a réajusté le masque ce qui peut expliquer ma bonne nuit.
146,Il m'a conseillée de dormir sur le côté et non sur le dos parce que je fais encore des apnées importantes.
147,Ce qui compte c'est que je me sente bien le matin.
148,Je retire mon masque pendant la nuit je le fais inconsciemment et le souci c'est que je me réveille sans masque sur le nez.
149,"Lors de mon test de sommeil l'an passé, je faisais des apnées si sévères que mon pneumologue a arrêté de les compter."
150,"Et comme je retire mon masque pendant que je dors, le lendemain, je suis crevée mais à un point !"
151,Que j'aurais tendance à dormir toute la journée.
152,Je le fais déjà le week-end.
153,C'est horrible de penser à quel moment je retire le masque.
154,Une heure après l'endormissent ?
155,Moins dune heure ?
156,Comment savoir ?
157,"Pourtant, il m'est arrivé de dormir 4 heures d'affilée avec le masque et de me réveiller en pleine forme !"
158,Sans le besoin de faire de sieste pendant la journée.
159,"Du coup, aujourd'hui, je me suis forcée à régler correctement le masque avec la bande velcro au dessus de la tête."
160,"J'ai changé le filtre de la machine (il était noir, c'est dingue !) et même tout changé avec un masque neuf parce que le petit filtre sous le masque était noir aussi."
161,je vais voir comment se passe ma nuit à venir...
162,"Si vous vous sentez concerné(e)s par ce problème, n'hésitez pas à réagir."
163,J'avoue que ce masque est une muselière pour animal bien dressé.
164,Du coups vois si tu ne peux pas te procurer une autre attache de masque ?
165,Il y a des différents ceux qui sont bien élastique te permettent de bien les enfilés sans même détacher (non recommandé le technicien voudrait que tu prennes en main a chaque réveil de détacher complètement le masque pour ne pas agrandir ou modifier le matériel et ses parties souples).
166,"En ce moment j'aime bien mon masque actuel et j'en ai essayé pleins, il a des aimants en attache et c'est un ""bucco-nasale"" ."
167,"Mais j'ai préféré l'attache d'un ancien 100% nasale que j'avais mis sa sangle sur un autre, d'ailleurs le technicien n'avait pas compris pourquoi la sangle ne correspondait pas à celle d'origine."
168,Mais ça tenait mieux sur mon nez sans faire de trace.
169,Car plus d'une fois je me suis réveillé comme si le caoutchou avait brulé mon nez avec le tout premier masque.
170,Wow.
171,"C'est dingue Jean, tout ce que tu as dû faire pour que tu trouves le bon matos."
172,"Et surtout, quel bricolage !"
173,lol:{}
174,"Bon, pour ma part, j'ai trouvé une solution."
175,Je scotche mon masque.
176,"Aussi, je débranchais surtout le tuyau à la machine."
177,"Aussi, j'ai décidé de le scotcher également."
178,"Là aussi, c'et du système D."
179,Bonsoir :)
180,Je viens de voir votre message par hasard.
181,Vous utilisez quel type de masque ?
182,J'ai le même soucis depuis un moment.
183,J'ai été plusieurs fois appareillé sans succès.
184,"Je commence à arriver à le garder un peu plus grâce à un oreiller mémoire de forme spécial apnée du sommeil, mais je l'enlève je ne sais comment en milieu de nuit."
185,Avez-vous trouvé la cause du retrait du masque dans la nuit ?
186,Pour information je suis plus appareillé pour insuffisance respiratoire chronique (les échanges au niveau respiratoire ne se font pas très bien pendant la nuit et mon taux de CO2 augmente).
187,Au plaisir de vous lire.
188,Fabrice
189,"Bonjour, Fabrice."
190,"En fait, je crois que le problème, chez moi, est très simple."
191,"Comme je l'ai écrit précédemment, je suis incapable de dormir sur le dos."
192,Ce n'est pas une position naturelle pour moi.
193,Je m'endors sur le côté.
194,"Alors, parfois, autant je me réveille avec le masque autant d'autres fois, je me réveille sans."
195,"Parce que, tout bêtement, j'ai trop bougé ce qui a eu pour effet de détacher mon masque (qui couvre mon nez et ma bouche)."
196,"En revanche, je ne savais pas que le taux de CO2 pouvait augmenter du fait d'une insuffisance respiratoire."
197,Comment vous a-t-on diagnostiqué cela ?
198,Tout simplement avec un test de sommeil ?Ça a été mon cas aussi.
199,"Le gars qui s'occupe de mon matériel a spontanément remarqué que j'avais un tout petit ""museau"" pour un grand masque."
200,;)
201,Je m'étonne d'ailleurs que ce soit toi qui aies dû t'en apercevoir...
202,Bonjour Jenny Parker :)
203,Depuis que je suis petit je fais des apnées du sommeil.
204,"Je ronflais beaucoup étant enfant, et on m'a fait consulter un médecin pour le sommeil."
205,"Ils se sont rendus compte lors d'une polysomnographie et autres examens (je ne me rappelle pas des autres types désolé) que j'avais des apnées du sommeil moyennes (au dessus de la moyenne sans que ça soit sévère) et j'ai été appareillé vers mes 14-15 ans mais je retirais sans arrêt le masque, et je n'ai pas réussi à garder la machine."
206,"Par contre, je ne sais par quel moyen mes ronflements s'étaient interrompus (je ronfle très peu par rapport à avant)."
207,"Vers 20 ans je commençais à avoir les symptômes des apnées (fatigue, maux de tête la matin), et on a réessayé de m'appareiller, sans succès encore."
208,"C'est à ce moment là aussi qu'ils se sont rendus compte que mon CO2 augmentait la nuit, alors ils ont fait une batterie d'examens mais ils ne savent pas à quoi vraiment c'est dû."
209,"Ils pensent peut-être que c'est dû à mes soucis de santé que j'ai eu à la naissance (je suis né par le siège, j'ai eu une hypoxie du cerveau à la naissance, et je prends un traitement hormonal substitutif pour vivre normalement)."
210,Je vous comprends pour la position sur le dos.
211,J'arrive à m'endormir dans cette position mais je finis toujours par me remettre sur le côté après.
212,"Par contre depuis que j'ai acheté un oreiller qui sert à améliorer le confort pour les VNI comme nous, je bouge beaucoup moins la nuit."
213,"Je vous envoie le site avec l'oreiller en question par message privé, si ça vous intéresse."
214,"Au moins maintenant j'arrive à mieux supporter la machine, car je pense que comme vous quand je bougeais ça occasionnait des fuites."
215,"Bon courage à vous,"
216,Fabrice
217,"Merci Fabrice, pour vos encouragements."
218,"Je me rends compte que pour vous, ça a été le véritable parcours du combattant pour vous aider à vivre à peu près normalement !"
219,C'est fou...
220,Tous ces tests que vous avez passés !
221,"Être appareillé à 14 ans, c'est dur quand même."
222,Je comprends à quel point il a été difficile pour vous de garder le masque.
223,"D'ailleurs, pour ma part, je me fais du souci car je vois mon pneumologue dans quelques mois et il va avoir l'historique de mon port du masque."
224,J'appréhende assez le fait qu'il me fasse quelques remontrances...
225,"bonjour à toutes/s, voila je me présente dans les grandes lignes.."
226,"je suis un homme ordinaire de 30 ans, je suis heureux, pas dépressif, je prend aucun traitement, mais je vous explique mon souci..."
227,"Quand je suis concentré, quand je lis un livre, ou quand je suis devant mon pc, il m'arrive de rentrer en apnée, sans m'en rendre compte ..., c'est à un moment donné que je ressens un léger "" flottement "" que je me rend compte que je ne respire plus .."
228,"alors je prend une grande aspiration et là au bout de quelques secondes, tout redevient ( enfin "" je "" ) redeviens normal ..."
229,ça m'arrive tout le temps ...
230,"il suffit qu'une personne me fasse une présentation d'un véhicule ou , je peux être chez mon conseiller financier, ( expériences vécues ) je suis tellement concentré qu'en fait, quand je me rend compte que je ne respire plus, je me rend aussi compte que je suis dans une sorte de "" trance "", remarque normal, sachant que quand j'analyse la situation, je m'aperçois que quelques fois je m'arrête de respirer pendant 1 mi et quelques ..."
231,ce n'est pas forcément énorme ...
232,"mais quand ça arrive comme ça, sans s'en rendre compte .."
233,croyez moi c'est ennuyeux ...
234,"voila, si quelqu'un se reconnait ou sait quelque chose à ce sujet, je suis preneur et je vous en remercie d'avance"
235,"pour info, et avant que cela soit proposer ;-) j'ai vu 3 médecins généralistes différents, ils m'ont tous renvoyer avec..."
236,euh ...
237,rien ...
238,:-(
239,Wow j'avais jamais entendu parlé de truc comme ça.
240,Ben là comme ça je pense que tu devrais aller voir un neurologue.
241,"Je dirais que c un pbm de conscience du corps et de transmission de l'information mais je sais absolument pas ce que ça pourrai etre exactement, les solutions..."
242,Dsl...
243,"je rejoind l'avis d'aller consulter un neurologue, ça me fait un peu penser à une forme ""light"" de la narco"
244,"tout cela ne me rassure guère ^^, je vais aller voir un neuro ..par contre pour ce qui est de la narcoleptie, je ne pense pas, car je suis complètement réveillé, je suis juste ""trop"" concentré , en aucun cas je dors ou autre , et je me souviens à chaque fois de ce qui se passe ,merci pour vos réponses si rapides"
245,ce qui devait arriver ...
246,arriva ....
247,"perte de connaissance hier après-midi, en pleine vendanges ..."
248,je suis coupeur pour ceux qui connaissent ...
249,"et dans le rangs, je me suis évanoui car manqur d'oxigène .."
250,car encore une fois trop concentré ...
251,"( les collègues m'appellent ""flash"" ;) car va très vite .."
252,sans prétentions ..
253,"mais il est vrai que je ""trace"" d'ailleurs en passant, je vous informe que j'ai souvent des palpitations au niveau du coeur ..."
254,peut-être est-ce lié ?
255,Et bien la desaturation du sang en o2 et par la suite une réoxygénation brutale de façon répétée causent au bout d'un moment un stress cellulaire qui peut endommager lesdites cellules et donc les tissus.
256,"Et le plus souvent, je prends l 'exemple de pbm d apnees du sommeil graves et non traitées, on trouve aussi chez les patients des pbm cardiovasculaires, notemment de tension..."
257,"Allez voir un neurologue, c'est sûr, et puis si j etais vous je ferais un ptit bilan cardiovasculaire, des pbm de tensions, ça peut etre la cause d'evanouissements...."
258,"Surtout qu'à cause de votre metier, vous vous levez, vous penchez rapidement de façon repétée...une belle hypotension m etonnerait pas..."
259,"Moi aussi j'ai la même chose, comment dire, je me sent partir je tourne de l'oeil réellement et boom je reprend quelques bonnes inspirations."
260,"L'ennui c'est que c'est de l'apnée du sommeil quand même, il y en a 3 sortes renseigne toi c'est assez simple et claire."
261,"L'ennuis c'est que si c'est une apnée mixte sa peut être cardiaque, neuro, ou musculaire."
262,Donc il faut consulter un peut sur tout les tableaux....
263,"Aussi surtout ne pa prendre les apnée a la légère deja elle commence a nous pourrir physiquement, et ensuite mentalement...."
264,"Grosse dépression et se qui s'en suit, le preuve je le vie."
265,Consulte au plus vite et tien au jus
266,Bonjour à tous !
267,"Je suis une jeune maman de 22 ans, étudiante."
268,J’ai été diagnostiquée en médecine interne il y a 3 ans comme ayant un « syndrome de fatigue chronique avec douleurs diffuses ».
269,Bien que tout les examens n’aient pas été faits.
270,"Je suis très souvent fatiguée, avec de gros coup de mou dans la journée et des douleurs diffuses."
271,C’est évidemment très handicapant...
272,"cependant, mon compagnon avec qui je dors chaque nuit me dit que je parle la nuit, (depuis mon enfance)."
273,"Et aussi, je ronfle."
274,Apparemment cela pourrait être un symptôme d’apnée du sommeil...
275,et j’ai également parfois (mais pas toutes les nuits non plus) des réveils en sursaut lors de l’endormissement car je me sens tellement fatiguée que j’oublie de respirer et je m’étouffe.
276,Est-ce normal ?
277,"Je me réveille la plupart du temps fatiguée, mon sommeil n’est pas du tout réparateur."
278,Je me demande s’il fallait creuser sur cette piste ou si ça n’a rien à voir...
279,J’ai consulté un médecin en ligne via une application spécifique mais elle n’a pas su me répondre...
280,apparemment c’est peu probable que je souffre d’apnée du sommeil.
281,Tant mieux dans un sens...
282,mais elle m’a conseillé d’en parler avec mon médecin traitant.
283,Donc je n’ai pas eu de réelle réponse.
284,"Sauf que je n’ai pas confiance en mon médecin, j’ai des problèmes au niveau de mes amygdales, angines régulières, gonflement en permanence de ces dernières, problème qui empire depuis plusieurs années et il m’a juste dit de mettre un peu d’antiseptique dans ma gorge..."
285,Tu demandes a ton medecin generaliste une aide pour voir un pneumologue et ensuite t'auras des aides pour avoir des testes de sommeil.
286,"Une nuit tu porteras ton appareil temporaire il prendra ton poul gaz dans le sang, mais aussi enregistrera ton souffle soit tes ronflements, après le pneumologue branchera cette petite machine ou ce petit boitier sur son ordinateur et aura les résultats instantannément, puis il prendra une décision si oui ou non faut t'appareiller la nuit ou point."
287,Merci pour votre réponse.
288,J’ai rdv jeudi avec une pneumologue.
289,"Si elle décide d’effectuer le test d’apnée du sommeil, l’appareil est à se procurer en pharmacie ?"
290,"Pour l'enregistrement c'est elle qui te le pose, ou tu devras passer une nuit dans un hôpital (ça dépend des pneumos)."
291,Pour la mise en place de la PPC (si ton enregistrement démontre que tu fais des apnées) c'est un prestataire de santé qui fera l'installation.
292,Ta pneumo te mettra en relation avec lui.
293,D’accord.
294,Je verrai bien dans ce cas.
295,C’est un phénomène fréquent l’apnée du sommeil ?
296,Même si j’ai 22 ans et une masse corporelle normale.
297,"Ca peut arrivé à n'importe qui, qui apparemment la gorge ou trachée est compressée en sommeil, et l'air (oxygène) remonte mal depuis les poumons vers le nez..."
298,"Résultat, il faut forcer avec un appareil qui en quelque sorte aidera le nez et la bouche a mieux inspirer, ou qui forcera la respiration quand ton corps n'insiste pas pour mieux respirer au niveau de ta gorge ( du moins c'est ce que j'ai compris du pneumologue ), est-ce une maladie moderne ?"
299,Car je n'entendais pas parler autant de ce problème qui concernait tant de gens...
300,"Et pour te répondre sur le physique : oui il y a aussi des gens hyper minces qui sont concernés, donc rien à voir avec le surpoids."
301,"Bonjour,"
302,Je dors depuis 15 jours avec un masque nasal branché à un appareil PPC.
303,Il m'a fallu une semaine pour arriver à m'endormir correctement et dormir toute la nuit avec ce masque.
304,Je note que malgré le fait que je dors vraiment beaucoup mieux je suis nettement plus fatiguée depuis que j'utilise cet appareil et ça devient difficile à vivre.
305,"Ma tension a baissé, peut être est-ce la cause de cette fatigue ?"
306,Quelqu'un a t-il vécu quelque chose de similaire ?
307,Merci pour vos réponse et bon dimanche
308,Il va vous falloir un peu de temps pour vous habituer.
309,"Le fait que votre tension artérielle ait baissé est plutôt une bonne nouvelle, cela montre que vous mettez le masque correctement et que la thérapie commence à faire effet."
310,"Si la fatigue persiste, refaites le point avec votre médecin."
311,"Bonjour, et merci pour votre réponse."
312,Me voilà beaucoup moins fatiguée.
313,Ouf !!
314,Qui peut me dire comment protéger mon nez correctement avec un masque nasal ?
315,"L'arrête de mon nez est rouge, gonflée et me fait mal."
316,"J'ai essayé les compresses, ça protège plus ou moins de la douleur mais c'est tout."
317,"J'ai également essayé un masque narinaire, mais là, c'est le dessous de mon nez qui devient très douloureux et comme je me mouche souvent, pas question d'abimer cette partie là."
318,"Bonsoir, il est tout en silicone et viens juste s’appuyer au niveau du nez."
319,Il ne rentre pas dans les trous de nez..
320,:) et il ne fais pas du tout mal et ne marque pas.
321,Demandez à votre prestataire.
322,C’est le Philips dream wear.
323,Moi je le trouve mieux que les autres même si pour l’instant je ne m’habitue pas non plus..
324,bon courage.
325,De rien.
326,;) merci à vous.
327,Vous arrivez à vous endormir avec le masque ?
328,Ca me rassure un peu..
329,"je l’ai eu l’an dernier, je l’ai gardé 3 mois et n’ai jamais réussi à m’endormir avec.."
330,je le sortais au bout d’une ou deux heures..
331,"j’ai donc opté pour l’orthese que j’ai gardé pendant 10 mois, elle a fonctionné super bien mais j’ai été obligé de l’arrêter car elle a commencé à me bousiller les dents et je n’ai plus d’occlusion dentaire.."
332,j’ai donc été forcée de reprendre la ppc depuis vendredi dernier.
333,"C’est très difficile, je n’arrive pas à m’endormir avec et je me dit que vu que je ne l’ai pas supporté la première fois, je n’y arriverais pas cette fois non plus."
334,Depuis que je l’ai je l’ai gardé environ 3h sans dormir et je la vire car sinon j’ai l’impression que je vais peter un câble..
335,"la je suis en arrêt donc ça va mais quand je vais reprendre le boulot dans une semaine, ça va être galère."
336,"Bonsoir Marie,"
337,J’ai envie de vous dire qu’il ne faut jamais perdre espoir.
338,Lorsque le pneumologue m’a demandé si je pensais pouvoir dormir avec un masque je lui ai dit que je ne pouvais pas savoir sans avoir essayé.
339,"La première semaine, j’ai bien cru que je n’y arriverai jamais, d’autant que je dormais encore moins bien qu’avant et que j’étais très fatiguée."
340,"La première nuit où je me suis endormie a été celle où je me suis dit en me couchant, « si je ne dors pas dans deux heures, j’enlève le masque, il faut que je dorme sinon je ne tiendrai pas le coup »"
341,"J’ai eu l’impression de lâcher quelque chose et je me suis endormie rapidement, sans réveils dans la nuit ou presque."
342,"Mon nez, lui, n’apprécie pas vraiment le contact du masque et était très douloureux les premiers jours, un peu moins maintenant mais quand même encore."
343,"Si ça peut vous aider, je fais de la relaxation au moment où je me couche et c’est comme ça que je m’endors le plus souvent."
344,J’ai enregistré des balados que j'ai trouvé sur passeport santé.net
345,"et c’est très facile d’écouter même pendant la nuit, en cas de réveil."
346,Je laisse mon portable allumé mais je coupe la sonnerie.
347,"Pour ce qui est de votre arrêt de travail, ne vous est-il pas possible de le faire prolonger un peu ?"
348,Courage et tenez moi au courant si vous le voulez bien …
349,Bonne soirée
350,"Bonjour,"
351,J'ai été opéré (ablation de la lulette) il y a quelques années pour réduire mon problème de la lulette et je viens d'apprendre par un ORL que ceci n'a rien apporté à mon problème.
352,"Aussi il me propose de mettre un masque pour m'oxygéner la nuit seulement un de mes cousins, lui-même médecin à l'étranger nous avait fait savoir que cela est de l'arnaque aussi je suis assez embêté pour savoir que choisir en terme de traitement sachant que je suis très fatigué le matin et que cela a une influence sur mon diabète."
353,Qu'en pensez-vous ?
354,Dois-je me lancer ?
355,"La PPC reste le meilleur outil pour lever les apnées du sommeil, surtout dans les cas sévère."
356,Votre ami vous a raconté n'importe quoi.
357,"Ce qui est inquiétant, c'est qu'il est médecin !"
358,"perso,je suis appareillé depuis 1 an,je ne trouves aucun intérêt a cet appareil..Je pense aussi que c'est de l'arnaque.."
359,"j'ai encore plus de problème de santé depuis et je suis toujours aussi fatigué..je faisais 44 apnées par heure..Et Maintenant,soit disant 0,2 a 0,9..Mais toujours aussi fatigué..pour moi,c'est du pipeau leur truc.."
360,Mon beau-frére qui est appareillé aussi a encore plus de problème que moi
361,"Si vous estimez que c'est de l'arnaque, demandez à être désappareillé."
362,Mais vous allez développer de graves complications dans quelques années.
363,"Votre fatigue est peut être aussi liée à un autre problème, c'est du ressort de votre médecin d'en trouver l'origine."
364,"Bonjour,mon pneumo m'a fait faire une pds classique + sérodiagnostic aspergillaire."
365,Résultats:Absence d'anticorps anti-aspergillus fumigatus.En principe c'est bon mais la suite est géniale:
366,"Une sérologie négative n'écarte pas le diagnostic d'une infection aspergillaire,à confronter au contexte clinique et à contrôler à distance en cas de suspicion d'une infection récente."
367,En attendant un rdv à sa clinique il m'a mis sous amoxicilline/acide clavulanique 1 g/125 mg que j'ai abandonné sur les conseils de mon médecin traitant au bout de 3 jours because aphtes+langue qui double de volume+diarrhées malgré ultra levure.
368,"Bonjour,"
369,"J’ai consulté un spécialiste qui m’oriente, d’apres Mes symptômes vers des apnées du sommeil."
370,"Je souffre d’une fatigue atroce certains jours, couplé à un état quasi dépressif ( je ne le suis pas)."
371,Cet état terrible vous parle t il?
372,Merci pour vos réponses
373,La dépression fait partie des symptomes d'un syndrome d'apnée du sommeil non traité.
374,C'est sans doute pour cela que tu as été orienté vers un spécialiste en vue d'un enregistrement du sommeil.
375,"Salut oui l'apnée pourris la vie, comme les matins ou te réveillais avec des migraines, puis avec la machine ça allait mieux, résultat en est qu'il faut voir un neurologue car le manque de cerveau oxygéné la nuit provoque des lésions que le neurologue et ORL pourront traiter, une tête qui a besoin de soin, avant de nous prendre pour fou psychiatrique."
376,Courage!
377,J’ai fait des tests à la maison qui n’avaient rien donné mais le Neurologue a voulu pousser quand même par acquis de conscience.
378,"Une nuit en clinique, branchée."
379,"Résultat, hypopnees, et 150 micro réveils en une nuit ..."
380,sommeil non réparateur...
381,donc j’ai une machine depuis 10 jours.
382,Je ne peux déjà plus m’en passer.
383,Je trouve le masque est hyper bien fait.
384,J’ai l’ impression de dormir profondément....
385,courage
386,"bonsoir, j'ai 59 ans , je ne dors plus ou très peu fatiguée mais jamais sommeil jusqu'à avoir des malaises je suis sous PPC (traitement apnées), depuis l'âge de 20 ans je prends des psychotropes, je redoute l'heure du couché, je suis désespérée mon médecin ne sait pas quoi faire et je ne vis plus, je reste à la maison j'ai mal partout, je ne peux rien faire, j'attends vos conseils merci"
387,Avez-vous essayé le lit incliné (ou lit égyptien) ?
388,https://www.alternativesante.f [...] en-dormant
389,Pour moi c'est miraculeux!
390,2 cales en bois : c'est gratuit et inoffensif !
391,"Merci Jean,"
392,j'ai cherché sur internet et j'ai trouvé un médicament que le médecin m'a prescrit cela fait 2 mois que je prends 50 mg de surmontil 2 heures avant de me coucher et ça va beaucoup mieux cela a régulé mon horloge biologique et supprimé ma phobie d'aller me coucher
393,"bonjour,"
394,avez-vous essayé la melatonine à liberation longue?
395,"Bonjour,"
396,Voilà j'ai une amie qui respire en apnée sans cesse DURANT LA JOURNEE.
397,"Je m'explique : lorsqu'elle est concentrée, devant la tv, en cours ou autre, elle cesse de respirer pour reprendre et cela par intermitence."
398,Comment peut-on faire en sorte qu'elle ne le fasse plus ?
399,sachant qu'elle ne s'en rend pas compte.
400,Merci par avance.
401,bonjour
402,"alors déja ,personne ne respire en apnée puisque des apnées c des arrêts respiratoires &amp; pour le problèmes d'arrêt respiratoire ,il faut aller voir un médecin &amp; lui en parler"
403,Problème tres compliqué d'un point de vue médical.
404,"Comme ça ça fait penser à un syndrome d'ondine, mais c'est une maladie genetique tres rare, sinon apres ça peut aussi venir d'un terrain specifique, un petit pbm lié au nerf phrénique, au systeme nerveux autonome..."
405,"Mais franchement c'est tres compliqué, et ça ne relève pas forcément d'un pbm physiologique."
406,"Bonjour à tous,"
407,"Même si sa date un peu, je voulais juste vous dire que moi même faisant de l'apnée du sommeil, mon médecin m'avais dit que si j'en faisais de jour (éveillé) c'est que la cause était cérébral ;)"
408,"J'ai chercher sur le net et j'ai vue un rapport de chirurgiens américains qui faisais des tests sur un patient faisans de l'épilepsie réfractaire à toute médicaments, et en gros ils se sont rendu compte que lorsqu'ils envoyais de petites décharges au niveau de l’amygdale, sa provoquait de façon inconsciente des arrêts respiratoires éveillé alors que le patient était dans une salle d'analyse à regarder autour de lui."
409,Je précise que cette personne avait accepté d'avoir durant 10 jours des électrodes partout sur la tête et tout était enregistrer jour et nuit.
410,"Ils l'ont reproduit sur 3 autres patients dont un n'avait eu de souci d'arrêt respiratoire, et ils lui en ont provoqué."
411,Donc les recherches devrait à mon avis se dirigé vers un souci de tension électrique dans cette zone du cerveau alors qu'elle n'aurait pas lieu d'être (câblage mal fait) ;)
412,"Bonjour,"
413,Et merci pour toutes les informations que j’ai pu trouver sur ces forums !
414,Je vous explique rapidement mon cas :
415,Je m’excuse déjà pour mon langage profane !
416,"J’ai 29 ans, en surpoids de 20 kg, fumeur (20 cig/jour) et assez sédentaire , mon médecin traitant, vu que j’ai de nombreux cas de problèmes cardiaques dans ma famille a un jour décider de m’envoyer chez un cardiologue."
417,Ce cardiologue m’a prescrit un test d’effort et j’ai eu droit à plusieurs « tests » nocturnes à domicile avec un appareillage.
418,"Avant hier, nouveau RDV chez le cardio qui me dit qu’il me faut d’urgence porter un masque pour lutter contre les apnées du sommeil :"
419,Je fais 75 apnées à l’heure alors que la norme maxi serait de 30…
420,"Hier, les prestataires qui m’ont fait les tests de nuit m’apportent l’appareil avec le masque et l’humidificateur et m’explique le fonctionnement…"
421,Il dispose des résultats qu’il me commente de manière assez pessimiste :
422,- 75 apnées à l’heure d’une durée moyenne de 35 secondes
423,- des apnées de toutes sortes mais principalement parce que j’oublie de respirer (ça ne vient donc pas majoritairement de ma gorge si j’ai bien compris)
424,"- et surtout il me parle (et je lui demande de confirmer) d’apnées qui dureraient 476 secondes, ce qui me semble complètement fou !!!"
425,"J’essaie donc la nuit dernière l’appareil mais c’est l’horreur : j’ai l’impression d’avoir un ventilateur dans la bouche (même quand ça ne fuit pas) et ça m’empêche complètement de dormir, d’autant plus que je bouge beaucoup."
426,"Voilà, je pense donc sincèrement que je vais laisser cet appareil dans sa boîte d’autant plus que je ne me vois pas dormir avec ça lorsque ma femme sera là."
427,Qu’en pensez-vous ?
428,N’y aurait il pas d’erreur dans les chiffres ?
429,Est ce que si je maigris vous pensez que ça peut s’arranger ?
430,Voilà je vous remercie de m’avoir lu et d’avance pour vos réponses !!
431,bonsoir
432,je suis moi même appareillée depuis 3 ans.
433,j'étais au même taux d'apnée que toi.
434,"au début, je ne supportais pas du tout."
435,je l'avais remis dans son emballage.
436,j'ai vu mon médecin traitant qui m'a dit que si je voulais faire un affartus je n'avais que ca à faire.(ne pas mettre le masque)
437,j'ai pris peur je l'ai remis et j'ai insisté et si je te disais que maintenant je ne peux plus dormir sans !
438,"si tu veux plus de renseignements, n'hesites pas"
439,bon courage
440,bonjour
441,"comme toi , j'ai un nombre elevé d'apnées et hypopnées 83/heures."
442,j'suis appareillée depuis seulement deux semaines et j'n'ai encore po reussi a passer une nuit complete avec le masque.
443,"j'ai une sep de chez aliseo qui etait fourni avec un masque nasal, que je n'ai po supoporter , probleme d'etouffement en cas de bouche ouverte."
444,"mon prestataire m'a lors donné un masque faciale , c'est nettement mieux."
445,"le probleme sont les fuites d'air , comme toi je bouge po mal et même en resserant les sangles çà fuit et parfois partout!!"
446,en demi sommeil je n'arrive po a reguler ceci...
447,hier soir j'ai mis mon masque a 23h me suis levée a 4h (wc) je ne l'avais plus et ma machine etait eteinte.....entre deux sommeil j'dois l'enlever j'pense ...j'l'ai remis jusqu'a 6h45(heure du levé) et j'ai super bien dormi.....
448,mon pneumpologue m'a dit de m'accrocher qu'en principe il fallait compter 1 mois pour s'accoutumer.
449,"j'ai 32 ans, je suis une femme en surpoids en attente d'une operation bariatrique."
450,voilà j'sais po si çà t'aide mais en tout cas tu n'es po seul..on peut peut etre se soutenir.
451,"bonjour,"
452,Et merci pour vos remarques et témoignages!
453,J'ai un peu évolué depuis mon dernier message : toujurs impossible de m'endormir avec le masque facial (j'avais l'impression d'étouffer...)
454,On m'a donc fourni un appareil nasal avec lequel ça se passe un peu mieux : j'arrive à m'endormir avec!
455,"Par contre je ne le tiens pas plus de 3 ou 4 heures : je me réveille et n'arrive plus à m'endormir si je le garde ou en bougeant et le déplaçant je fais augmenter la pression et me retrouve avec ""un ventilateur"" sur le visage..."
456,"Enfin bon, je fais des efforts et espère bien que tout ça va s'arranger!"
457,Bon courage à vous tous et encore merci!
458,Bonjour et bienvenue au club
459,Bien sur que cela va s'arranger et bientot quand tu verra les effets bénéfiques de la PPC tu deviendra accroc.
460,Bizarre ton prestataire qui commence par un facial !!!
461,Il existe un masque qui ne comprime pas et qui ne fuit pas exige le de la part de ton prestataire sinon tu peux en changer(de prestataire).
462,Bonjour à tous
463,Je ne sais pas si certains se souviennent je suis venue ici poster en février suite a un test du sommeil fait sur ma fille dont avait résulter un apnée du sommeil avec une moyenne de 40 apnée par heure ....
464,Suite a cette découverte l'orl avait souhaiter opérer ma fille le plus vite possible des amygdales et m'avait dit que souvent le problème était régler par cette intervention et que je devrait voir le comportement de ma fille changer ..
465,"Ce qui ne fut pas le cas, nous venons de refaire un test dans la nuit de jeudi a vendredi ..."
466,"Les résultats ne sont vraiment pas bon , 45 apnées par heures en moyenne !!!!!!"
467,De plus le taux d'oxygène descend de plus en plus (il est descendu dans la nuit a moins de 70% !
468,"Bref je suis assez désemparer, tout me saute au visage"
469,"Depuis plusieurs semaine ma fille deviens plus difficile, n'écoute plus, court partout, saute et danse sans s'arrêtter bien qu'on le lui dise et même qu'on la gronde ..."
470,à l'école elle commence a se déconcentrer elle est punit presque tout les jours car elle n'écoute pas ne tiens pas en place .....
471,"et la je croit que je suis en train de comprendre que la pauvre n'y peut rien , j'ai d'abord penser que c'était du a son âge, ou qu'elle était perturbée, mais apparement cela serait du a l'apnée qui s'aggrave et donc la fatigue encore plus et du coup elle deviens petit à petits hyper active ....."
472,"Je ne sais pas du tout ce qu'il va se passer maintenant, j'ai eut les résultats par la secrétaire je voit l'orl seulement jeudi, je vais devoir parler au père de ma fille qui ne veut rien entendre ..."
473,"Bref si quelqu'un peut me conseiller, me dire ce qu'il va se passer maintenant ?"
474,Nous allons surement être dirigé vers des spécialistes ?
475,elle va surement devoir passer d'autres examens pour confirmer le diagnostique ???
476,Et quelle sont les traitements ?
477,"on me dit que si jeune on appareil pas, d'accord mais alors quoi ?"
478,"on ne vas quand même pas la laisser comme ca ,?"
479,"J'ai peur, je suis très inquiète, j'essaie de gerer au mieux le comportement de ma fille, quand elle s'enerve beaucoup je la prend calmement et essaie de la calmer et de la poser un peu qu'elle se repose ..."
480,Le soir j'essaie de bien la calmer pour qu'elle s'endorme sereinement ....
481,"Je sais pas quoi faire d'autre, es ce que je fait bien, ou pas ...."
482,Merci de vos conseils si vous en avez
483,Le médecin spécialiste pneumologue serait amené à vous répondre avec un complément de diagnostic avec l'orl .
484,Le stomato aussi a un rôle à jouer pour déterminer si la mâchoire de votre enfant est bien constituée pour une meilleure ventilation.
485,(mâchoire inversée : cause de l'apnée de sommeil).
486,"Maintenant les enfants hyper actifs peuvent avoir des troubles de sommeil, là dans ce cas voir un pédo psychologue pour un bilan et orthophoniste"
487,"Merci pour votre réponse,"
488,"Pour l'hyperactivité ma fille ne l'est pas, juste depuis quelques temps elle se déconcentre, par moment n'arrive plus a tenir en place n'arrive pas a se calmer, et ceci petit à petit , apparement cela viendrais de son apnée du sommeil,"
489,Pour sa machoire je ne sais pas si cela a a voir mais la nuit elle grince beaucoup des dents sa machoire est assez crispée (je pense que c'est liée mais es ce un sympôme ou une cause )
490,"Bonsoir,"
491,"Malheureusement je constate que ta fille fait beaucoup plus d'apnées que la mienne et je comprends ton calvere au quotidien car comme toi, nous sommes impuissantes face au mal être de nos filles."
492,Connais tu la différence entre apnée obstructive et apnée centrale?
493,"Mon Orl m'a dit que toutes les apnées ne se traitent pas forcément avec l'ablation de amygdales, inuquement efficace pour les apnées obstructives (c'est a dire avec des éléments qui bouchent les voies aériennes : amygdales, végétations, cornets...)"
494,"Comme le dit catherine, ils faut aussi voir un orthodentiste pour le probleme du palet souvent trop étroit."
495,La voie de l'othophoniste est aussi à étudier pour la rééducation respiratoire pour qu'elle réapprenne à respirer par le nez.
496,J'espere t'avoir donner des pistes à explorer.
497,J'espere de mon coté que l'opération de ma fille sera efficace.
498,Bon courage et surtout beaucoup de patience.
499,"Bonsoir,"
500,"Liline, oui je connait la différence entre apnnées obstructives (le systeme respiratoire fonctionne mais l'air ne passe pas = obstruction) et l'apnée cenrtal (le système respiratoire s'arrêtte totalement= pas d'effort respiratoire)"
501,Pour ma fille les résultat demontrent des apnées CENTRALES et pourtant l'ORL l'as traitée comme une apnées OBSTRUCTIVE !!
502,Résultat rien n'as changer !
503,mais j'ai voulut lui faire confiance
504,Aujourd'hui j'ai vu l'orl pour parler des résultats du test ...
505,"Verdict : il ne sait pas de quoi souffre ma fille, d'apnée du sommeil sévère oui, mais a cause de quoi ?"
506,"Au départ il me dit que le cerveau s'est peut être habitué a l'apnée et du coup fonctionne comme ça, ensuite il me dit qu'on ne voit cela que chez les adulte qu'il n'as jamais vu de cas similaire chez un enfant aussi jeune ...."
507,Il m'envoit dans un CHU chez l'un de ses confrères qui lui nous dirigeras vers les bon services
508,"C'est très dur, je suis encore plus inquiète, que va t'il se passer ?"
509,"Il avait l'air très inquiet , il me rappell demain pour me donner le rdv au CHU car c'est lui même qui le prend pour que ca soit le plus rapide possible, la je me dit , c'est que ca craint vraiment ....."
510,"Effectivement, je comprends tes craintes."
511,Il me semble avoir déja entendu parler ou lu sur internet d'appareillage pour enfant comme celui des adultes.
512,ce n'est pas l'idéal car machine bruyante et masque pas toujours confortable d’après ce que m'a dit mon beau-père qui est appareillé.
513,"Mais d’après lui, il gagne beaucoup en qualité de sommeil."
514,J'espère que tu auras un rdv très rapidement.
515,Rester dans l'incertitude est très difficile pour les parents...
516,Je te souhaite beaucoup de courage et tiens moi au courant de l'avancée des rdv.
517,"Bonjour,"
518,Je porte un appareil depuis Mi Janvier 2015.
519,J'ai effectuée les tests d'apnée du sommeil suite à un épuisement persistant.
520,Les résultats ont révélé 17 apnée par heure.
521,"Dès ma 3ème nuit avec l'appareil je me suis réellement sentie revivre, j'étais si fatiguée depuis tant d'année que je ne me souvenais pas m'être déjà sentie aussi bien, seulement...."
522,"Les 3 premières semaines, j'étais en pleine forme mais depuis la fatigue est revenue, l'appareil n'a plus aucun effet sur ma fatigue."
523,"Je recommence à me sentir mal, dépression, mauvaise humeur, plusieurs sieste par jour, ect."
524,J'ai l'impression d'être revenue au point de départ.
525,Cela vous est-il arrivé de rechuté?
526,Est ce que ça va remonté?
527,Au bout de combien de temps?
528,Merci pour vos conseils.
529,"L'appareil ne s'est pas ""déréglé"" ?"
530,"Non je ne pense pas, une personne est venu faire un rélevé il y a 3 semaines."
531,"Tout est très bien, les apnées ont même diminué, je suis à 0.3 par heure."
532,Avez vous des visites de contrôles chez le spécialiste.
533,Un réglage de l'appareil est peut-être nécessaire.
534,"Mon mari est appareillé et à la dernière visite, le pneumologue a demander à réduire la puissance de l'appareil."
535,"Les personnes qui font les relevés ne sont pas spécialistes du sommeil, elles reçoivent les instructions du spécialiste pour les réglages."
536,Prenez un RV en emportant votre appareil.
537,Bonjour je viens témoigner également :
538,"J'ai 37 ans et j'ai été diagnostiquée après de longues années de fatigue, manque de concentration ,tête qui tourne etc ...où l'on mettait en cause une dépression ..."
539,Je savais bien que ce n'était pas une dépression mais bon c'est difficile à expliquer ...
540,C'est moi qui a parlé à mon médecin des apnées mais il pensait le contraire car je ne ronfle pas..
541,bref il a bien voulu me faire une ordonnance pour aller voir un pneumologue .
542,"Résultat 37/heure...je suis équipé d'une machine depuis le mois d'octobre, Durant les 15 premiers jours je me suis sentie revivre ,j'avais une pêche d'enfer plus la tête dans le pâté au réveil ,aucun manque de concentration je pensais être guéri.."
543,Mais depuis La Fatigue Est revenu avec les problèmes de concentration et l'impression que ça tourne...
544,Je voulais savoir si vous aviez trouvé une solution et si vous aviez recueilli des témoignages?
545,Cordialement
546,Mon mari au début de l'utilisation avait atteint des sommets en apnées.
547,"N'avez-vous pas revu le pneumologue depuis depuis octobre, il y a peut-être des réglages à faire sur la machine."
548,Une petite visite chez le spécialiste serait utile pour faire un contrôle.
549,Au début mon homme voyait la pneumo tous les 3 mois avec des ajustements à faire sur la machine.
550,Salut.
551,"J'ai eu exactement le même problème, ça fait deux ans qu'on a diagnostiqué mon problème d'apnées du sommeil, mais ça ne s'améliorait pas vraiment, j'était toujours autant fatigué, je ne comprenais pas vraiment pourquoi."
552,"Finalement, on m'a aussi diagnostiqué comme étant narcoleptique."
553,C'est peut-être votre cas.
554,Bonjour j'ai revu depuis mon pneumologue il m'a mis ma machine en pression fixe à 10 mais je ne vois toujours pas d'amélioration...
555,Pourtant j'utilise la machine en moyenne sept heures par nuit.
556,"Ce que j'ai du mal à comprendre c'est pourquoi durant les trois premières semaines le traitement a très bien marché, alors que depuis plus rien..."
557,Est-ce que c'est possible que la machine donne de bons résultats alors qu'en fait elle marche mal???
558,Fatigue fatigue et toujours fatigué
559,A-d
560,Retourne voir la pneumo avec ton appareil ce n'est pas normal.
561,Cela vient peut-être d'autre chose.
562,Je dois le rappeler cette semaine ...
563,Et votre mari depuis l'utilisation de la machine n'est plus du tout fatigué ?
564,"Plus du tout, il revit."
565,Il voit la pneumo demain.
566,"Il avait aussi d'autres pathologies qu'il a fallu soigner pour arriver au bon réglage, thyroïde, tension et un autre problème de potassium qui ne se fixait pas."
567,"Bonsoir,"
568,"Bon je ne veux pas faire peur, je sais que le titre doit faire paniquer"
569,"Il y a 1 an environ j'avais passé des testes, 15 apnées, apparement c'est pas bien grave, enfin je crois"
570,"mais voila depuis 3 mois, je ne sais pas si c'est les apnées, je me reveille la nuit en me sentant hyper mal, mais je n'ai mal nulpart, je ne me reveille pas en sursaut non plus."
571,"On m'a mis sous xanax, j'ai pas arreter de consulter des medecin, je suis retournéer voir le medecin qui m'avait fait passer le test des apnées, il m'a même pas proposé de faire un autre test, il m'a envoyé chez l'orl, qui m'a dit comme ça on peut rien, donc go faire un scanner, donc je fait un scanner des sinus mardi, car j'ai la paroie nasal incurvé"
572,"voila,"
573,"j ai peur avant de me coucher en ce moment je crois que j'ai peur de faire des apnées et que ça ai empiré depuis et j'ai peur d'y rester j'en peux plus, je suis sans arret reveiller la nuit au moins une fois et il me faut 1 heure avant de me rendormir, je suis mort de trouille, j'ai deja appelé les secours"
574,A mon avis tu es avant tout très angoissé et contacter les secours pour cela est les déranger au détriment de personnes qui en ont vraiment besoin (risque vital).
575,Tu devrais revoir ton généraliste ou ton ORL (quitte à en changer) pour lui expliquer que la situation dans laquelle tu es est très inconfortable et t'empêche de vivre et dormir correctement.
576,"Par là même, consulter un psychothérapeute pourrait te faire du bien car tu sembles vraiment trop stressé pour continuer à rester dans cette situation."
577,"Non, je ne pense pas que l'on puisse mourir de l'apnée du sommeil car une apnée trop importante (longue) déclenche des alarmes dnas le cerveau et lui commande de te réveiller pour que tu puisses penser à respirer au moins par la bouche."
578,"Maintenant l'apnée fatigue le coeur et augmente de façon aussi important qu'artificielle la tension artérielle, et CA c'est dangereux."
579,"A partir de 30 apnées / nuit, il est conseillé de se servir du ""souffleur"", cet appareil qui supprime l'apnée et déclenche de franches rogilades chez beaucoup de nouveaux utilisateurs"
580,Pas tout à fait mon commandant !!
581,Il s'agit de micro-eveils qui ne reveillent pas et qui sont inconsients.
582,Pendant l'apnée la respiration est bloquée aussi bien au niveau de la bouche que du nez puisque l'obstruction se situe au niveau du larynx en arrière de la langue.
583,Le danger de mort n'est pas seulement pour l'apnéique puisqu'il commence à se dire qu'un tué sur trois sur la route serait du à un endormissement au volant et sans parler des blessés.
584,C'est un véritable problème de santé publique qui n'est encore pas suffisament pris en compte.
585,"D'autre part je n'avais pas connaissance que le fait d'etre appareillé pour ce syndrome puisse déclencher de la ""rigolade"""
586,pas d'accord mon commandant..souffrez-vous apnée du sommeil?
587,"..J'en doute, ou on vous à mal documenté!!!!!"
588,"Manque de bol pour ta réponse, j'en fait effectivement."
589,Je parle donc de VECU.
590,E j'ai répondu ce que j'ai répondu car cela m'a été dit par le pneumo et ma docteresse traitante.
591,"Alors à moins de tomber sur 2 menteurs, j'aurai tendance à les croire."
592,Je ne vois vraiment pas l'intérêt que j'aurai eu de venir ici raconter des conneries.
593,"Pour ce qui est des micro-réveils, pour moi ils sont réels, je suis tout à fait conscient mais je me rendors sans problèmes."
594,Maintenant je ne nie pas qu'il y a peut-être plusieurs apnées.
595,"Quand on parle de la mort, le sujet sous-entend bien que c'est de celle de l'apnéiste dont on parle, pas celle d'éventuels dommages collatéraux dus à ce même apnéiste."
596,"Bonjour,"
597,Je suis appareillé d'une machine de VPPC depuis le mois de mai pour traiter des apnees du sommeil et ronflements importants.
598,"Dans la nuit du 16 sept, j'ai fait un pneumothorax spontané droit complet."
599,Impossible de connaitre la cause si ce n'est que j'etais fumeur.
600,(Facteur favorisant)
601,"Ma morphologie est l'inverse des cas habituels puisque je pese 85kg pr 1,65m et que le pneumothorax touche plutot des personnes grandes et longilignes."
602,"La premiere question que je me suis pose et que j'ai donc pose aux medecins est ""la VPPC qui m'envoie de l'air en continu ne serait-elle pas une cause possible de ce pneumothorax?"""
603,Reponse de l'ensemble du corps medical dont le pneumologie et l'orl qui m'a appareillé : non.
604,Depuis je suis en semi depression car j'ai peur de la recidive.
605,Et ne connaissant pas la cause je ne peux pas faire en sorte de reduire les chances de recidive (si ce n'est arreter de fumer ce que j'ai fait)
606,"Hier, quelle ne fut pas ma surprise lorsque j'ai vu sur wikipedia que l'un des effets secondaires de la VPPC est le pneumothorax!!!"
607,"Du coup j'ai lancé une petite recherche sur google et là, stupefaction, cet effet secondaire est mentionné sur plusieurs sites parlant de PPC dont le site d'un orl!!!!"
608,Alors je sais que sur internet on peut lire tout et n'importe quoi toutefois la coincidence est plus que troublante...
609,Inquietante meme.
610,"Je suis donc à la recherche de témoignages, retours d'experience de quelqu'un qui aurait vécu le meme genre d'experience."
611,Ou encore si un medecin qui a deja vu ce cas?
612,Ou qui s'y connait bien en la matière...
613,Merci par avance cela m'aidera grandement à aller mieux.
614,J'ai touve une étude suisse qui dit qu'ils n'en ont pas observe mais il y a effectivement beaucoup de site qui le citent comme effet secondaire...
615,Curieux...
616,Moi en plus de 4 ans je n'ai jamais eu de soucis et je n'en avais jamais entendu parler...
617,Il faudra que je demande à mon médecin du sommeil...
618,"Willy, le pneumothorax apparait comme une contre-indication chez certains fabricants pour les personnes l'ayant déjà eu mais pas chez les autres."
619,"Aussi, fréquentant beaucoup les sites de PPC aux USA, c'est un sujet très peu rapporté."
620,Quelle type de machine a tu CPAP/APAP/BiPAP et quelles sont tes pressions ?
621,@Franchy78 : merci beaucoup pour ces infos :)
622,@Phil751 : j'ai une resmed S9 autoset EPR.
623,Pressions : p6P16
624,Je pense que c'est CPAP mais je m'y connais pas trop.
625,ce que je peux te dire c que j'ai une rampe de 30mn pr m'endormir pdt laquelle la pression est geree en fonction de mes inspirations.
626,J'espere que j'ai bien repondu!!
627,"Si j'ai bien compris : selon les fabricants, la machine ne causerait pas de pneumothorax mais pourrait provoquer une recidive pour une personne qui en a deja fait un?"
628,Donc tu a une APAP réglée de 6 a 16.
629,"Non, les fabricants ""contre-indiquent "" la PPC a ceux qui l'ont déjà eu."
630,De fait c'est une décision médicale qui doit être prise par le médecin prescripteur qui doit décider si le traitement est interrompu ou pas.
631,"Bonjour à tous,"
632,"Je viens poster ici car depuis 5 ans environ, de temps en temps, lorsque je dors, j'ai l'impression que mon coeur ou ma respiration s'arrête."
633,Je m'explique.
634,Je suis en train de dormir mais à un moment je commence à me réveiller et je me rends compte qu'il y a un truc qui va pas...
635,et je mets du temps à réaliser que c'est mon coeur ou ma respiration qui est arrêté.
636,"Et le problème c'est que je suis tellement fatiguée que je mets parfois un moment avant d'avoir le reflex de ""reprendre"" ma respiration (il me faut une tres tres grande inspiration) comme si je restais sous l'eau pendant très longtemps."
637,Je sais pas si je suis très claire...
638,"Enfin bref, j'en ai parlé au médecin en meme temps que j'y allais pour mes vaccins et il a émit l'hypothèse d'apnée du sommeil."
639,"Mais il ne me prenait pas vraiment au sérieux car je n'ai que 24 ans, que je suis svelte et non fumeuse..."
640,"Il a fini par me faire une lettre à donner au pneumologue car j'ai un peu les nerfs qui ont lâché devant lui (la honte...), car je suis vraiment très fatiguée, je dors très mal (je suis insomniaque), n'arrive pas à dormir plus de 3h d'affilées mais pour lui c'est du à mon stress..."
641,Bref je sais plus quoi penser...
642,Pas envie d'aller chez le pneumologue pour me ridiculiser !
643,Est-ce vraiment si rare que ça des cas d'apnée du sommeil chez les jeunes ?
644,"je comprends tout à fait et moi je pense que c'est des panées du sommeil , je suis dans le meme cas et j'ai 22 ans mais cette nuit encore je me suis reveillée en reprenant mon souffle comme si je ne respirais plus."
645,je revais carrément que je m'étouffais donc je suppose qu'à ce moment bah je ne respirais plus!
646,c'est vraiment dur ca me fait peur alors quand je me reveille pour respirer je n'arrive plus à dormir parce que j'ai peur d'étouffer encore ..
647,toute la jouirnée je suis fatiguée et déprimée a cause de ca et chaque soir j'ai peur de dormir .
648,Bonjour à tous
649,"Voilà en gros mon problème : depuis 20 joursje suis appareillée pour apnées du sommeil, donc je dors avec PPC et masque nasal."
650,l' adaptation serait assez facile s'il ne persistait pas cette sècheresse de la bouche.
651,"j'ai essayé 2 sortes de masques FACIAl mais même avec ceux là j'ai la bouche déssèchée, et c'est pas facile de boire ainsi arnachée, alors en désespoir j'ai repris le masque nasal."
652,Même sur le forum de la FFAAIR je n'arrive pas à avoir de solution à ce problème
653,"Là c'est infernal, je suis épuisée de chez épuisée."
654,"la PPC est déjà difficile à accepter physiquement, et moralement n'en parlons pas."
655,j'ai du m'arrèter de travailler (retraitée en activité 2 jours/semaine) je n'en peux plus
656,AIDEZ MOI VITE
657,As tu essayé avec l'ajout d'un humidificateur sur la PPC?
658,"bonjour,j'ai eu ce problème moi aussi en début de traitement.tu dois ouvrir la bouche en dormant, voilà pourquoi tu as la bouche sèche.le technicien m'a donné une sorte de masque qui se met au menton et que tu accroches sur la tete grace à une bande velcro.c'est très efficace.si tu veux boire avec ton masque, tu as la possibilité de le faire avec un gobelet avec une pipette, ça se vend en grande surface.voilà si cela peut te rendre service"
659,Bonjour à tous.
660,"Je porte une orthese depuis maintenant 3 mois, elle a été efficace des le premier jour."
661,"Plus de réveille dans le nuit, plus de ronflement et des journées en forme."
662,"Sauf que depuis 4/5 jours, je recommence à me réveiller la nuit avec du mal à me rendormir et je recommence à ronfler.."
663,☹️ qui a déjà été dans ce cas?
664,J'en suis à 2mm de propulsion depuis le début.
665,J'ai moi aussi une OAM mais j'ai diminué la propulsion à cause de la pression sur les dents.
666,2 mm de propulsion ne me semble pas énorme.
667,Peut être faudrait il contacter le dentiste spécialiste de l'orthèse afin de voir avec lui ?
668,Bonsoir
669,je porte depuis 2 mois un masque relié à appareil qui souffle de l'air pour m'empêcher de faire une apnée pendant mon sommeil.
670,"je 45 apnées par heure, je n'en fait plus que 4!"
671,"contrairement à ce que je croyais, cet appareil est très faicle à supporter et en fait, il ne gêne absolument pas durant la nuit."
672,"bien qu'il y ai une nette amélioration de mes nuits et aussi de mes journées où je me sens moins fatigué, il y a une question que j'aimerais poser à ceux qui utilise ce genre de masque."
673,"Je ressent depuis une dizaine de jours, une gêne sur la poitrine, comme si mes poumons étaient fatigué de ce traitement de forcing..."
674,le technicien me dit que les poumons peuvent suppporter 100 fois la pression affichée.
675,"ok, mais mais cette oppression que je ressens , peut elle venir de cet appareil?"
676,"à moins qu'à 60ans je sois trop vieux et qu'avec ou sans appareil, je suis bon à jeter à la poubelle."
677,"Merci de me faire part de votre experience et de me dire si vous aussi vous ressentez une gêne plus ou moins forte, durant la journée, au niveau des poumons."
678,Cordialement
679,R.
680,"Honnêtement, je ne pense pas."
681,Des états anxieux génèrent souvent ce genre de problème.
682,"Si ce n'est pas le cas pour toi, un avis médical s'impose."
683,"Bonjour,"
684,Puis-vous demander si votre masque est Nasale ou Facial ?
685,"Mon mari viends d'avoir sa machine (il faisait 90 fois de l'heure entre 20 et 40 secondes) et il a eu un masque Nasale, il a detester sa premiere nuit..."
686,"Merci,"
687,G.
688,Bonsoir
689,je suis plus agé que vous et je dors avec un masque.
690,"Mes poumons me faisaient mal , le coeur aussi .je voulais abandonner ."
691,J' ai déréglé ma machine et j' ai fait moi même mes réglagesque j' ai en quelque sorte imposé à mon nouveau médecin.
692,"Le problème de mes apnées: j' avais le nez bouché, alors je le débouche tous les soirs et maintenant tout va bien."
693,"je porte le masque 5 heures durant, d' une seule traite."
694,tout va bien
695,Il n'y a pas de paramètres de fréquence sur les CPAP.
696,"L'appareil que vous utilisez actuellement est probablement une ventilation (VNI), ce qui est totalement différent puisque ce type d'appareil sert à vous aider à éliminer le CO² présent dans le sang."
697,"Et dans ce cas, modifier les réglages peut même s'avérer dangereux."
698,appareil goodnight 425 ST CPAP
699,mes réglages ont été vus par mon pneumologue
700,"bonjour,"
701,"depuis 1 mois maintenant, je me réveille entre 2h et 4h du mat après m'être couchée entre 22h et 23h."
702,"à chaque réveille (fin de rêve profond), je m'apperçois que je suis en sueur (peau mouillée), corp très chaud."
703,"je n'ai pas pris ma température car j'ai aps de thermo, mais je pense que j'ai de la fièvre à ce moment là."
704,"je ne suis pas étoufée par contre, ni n'ai aucun rythme cardiaque accéléré (en tout cas pas l'impression)."
705,est-ce une apnée du sommeil ?
706,"si oui, je voudrais savoir si elle peut conduire à une sciatique car peu de temps après chaque réveil, j'ai une jambe qui est très très douloureuse de la fesse, en passant par la cuisse, le derriere du mollet et s'arrête juste avant le pied."
707,je n'arrive pas à trouver la cause de ce mal soudain après mon réveil alors que je suis allongée et bien confortablement.
708,"quelqu'un a-t-il une idée, une piste ou un truc semblable que moi ?"
709,Je vais apporter mon témoignage.
710,"Avant d'être diagnostiqué, je me levais, le matin, toujours très fatigué et pendant toute une semaine, j'étais plié en deux, ne pouvant pas me redresser, j'avais 48 ans et il me semblait que j'avais le double de mon âge."
711,"Ce qui m'avait amené à consulter mon généraliste, une fois ma semaine de travail terminée."
712,J'avais 20 de tension et m'avait interdit de reprendre mon travail.
713,"Il m'avait fait faire une batterie d'examens et, finalement, c'est à l'hôpital cardiologique que la cardiologue m'a aiguillé sur un autre hôpital pour faire l'analyse du sommeil."
714,Diagnostic: 80 apnées/heure.
715,"C'était avant, presque 20 ans et depuis, je dors régulièrement avec la machine, je suis tout neuf."
716,Je ne me séparerai jamais de ma petite chérie.
717,"Effectivement, les personnes ne pensent pas toujours à se faire contrôler pour l'apnée, malheureusement tout le monde peut être concerné, en surpoids ou non et lors de la mise en place du protocole avec la machine beaucoup de personnes se sentent mieux."
718,"Cela est mon cas, j'espère tout de même lorsque j'aurai atteint mon objectif de santé pouvoir m'en séparer mais pour le moment cela n'est pas possible de fermer l'oeil sans la machine..."
719,Bonne année à tous
720,Bonjour et bonne année.
721,Je ne voudrais pas vous décevoir mais lorsque j'avais posé la question: Combien de temps vais-je garder cette machine?
722,le personnel de l'hôpital m'a clairement répondu que ce serait à vie.
723,Se sont-ils trompés?
724,"Je l'ignore, renseignez-vous."
725,Bonjour
726,On m'a diagnostiqué une apnée centrale du sommeil sévère et on m'a prescrit une assistance respiratoire la nuit.
727,J'ai 24 ans.
728,on ne m'a quasiment pas donné d'explications.
729,Peut-on guérir de ce trouble ou non?
730,Merci d'avance
731,On n'en guérit pas non mais l'appareillage te permettra d'être correctement traité et d'avoir un sommeil de bonne qualité.
732,Merci!
733,Je dors très bien.
734,"Si je ne me soigne pas, quel est le risque?"
735,"A moyen terme risque d'AVC, d'infarctus du myocarde, d'hypertension, de diabète, d'accident de la circulation (somnolence au volant).."
736,111
737,"Bonjour,"
738,Ce message pour vous parler de troubles du sommeil qui me gachent un peu la vie depuis environ deux ans (j'en ai aujourd'hui 24).
739,Le problème est apparu assez rapidement mais c'est depuis la même chose toutes les nuits et tous les matins.
740,Mes symptômes sont les suivants:
741,"- Très grande difficulté à me réveiller le matin (environ une heure/une heure trente avant d' ""émerger"" )."
742,"Mon réveil sonne, mais je suis tellement ""exténuée"" qu'il me semble impossible de me réveiller complètement."
743,"La sonnerie du réveil est une torture et les 2-3h après m'être levée son peu productives tant je somnole (yeux rouges et vitreux, bâillements répétés même au travail)."
744,"Aussi, si je ne mettais pas de réveil, je pourrais dormir jusqu'à 14-15h avant de me réveiller ""naturellement""."
745,"- Fatigue importante toute la journée (tous les jours, yeux qui piquent, assoupissements...)."
746,Sachant que je dors entre 8 à 10h par nuit (et me couche en général vers 22-23h).
747,"En revanche, mon compagnon n'a pas noté de coupure de respiration particulière, juste quelques ronflements légers, très rarement."
748,Ce sont également les symptômes suivant qui m'ont fait penser à un potentiel problème d'ADS:
749,- Réveils nocturnes fréquents
750,- Changements (très) fréquents de position
751,"- Fatigue et maux de tête au réveil (tête ""lourde"" )"
752,- Sueurs nocturnes
753,"J'aimerais avoir votre avis, j'en ai discuté à mon médecin qui m'avait dit ne pas trop voir d'ou ça pourrait venir et que je devrais éventuellement tester ma thyroïde."
754,Pourrais-ce être de l'apnée du sommeil?
755,D'autres troubles?
756,Merci à vous!
757,"Bonjour latebirdy,d'après vos symptômes je pencherai plutôt vers l'hypersomnie.Mais il ne faut pas ignorer un éventuel problème de thyroïde(une simple prise de sang suffit) et également effectuer une polysomnographie.Prenez-vous des médicaments style AD?"
758,A votre disposition si vous le désirez petit oiseau qui se lève tard: [:juljia:1] j'espère pour vous que vous serez
759,Hello as tu déjà consulté un ophtalmologue ?
760,"Moi aussi j'ai de très grande fatigue toute la journée , je peine à dormir et jentend jamais mes réveilles."
761,..
762,"Si fatigue dans la journée, il faut éviter les boissons excitantes dans la journée pour être éveillée, un repas plus léger le soir et une vie privée et professionnelle moins stressantes."
763,Avant tout se mettre à un régime alimentaire plus sain et voir votre médecin traitant pour en parler.
764,"Bonjour à tous,"
765,"J'ai 32 ans et voilà que depuis 3 jours je bloque systématiquement ma respiration à l'endormissement, du coup je me reveille en sursaut et je me retrouve ainsi dans l'impossibilité totale de trouver le sommeil !"
766,"J'ai donc fait 3 nuits blanches puis j'ai craqué, je suis allé voir le médecin qui m'a prescrit du Zolpidem (stilnox) et cette nuit enfin j'ai réussi à dormir 5 heures, quel soulagement ..."
767,Quelqu'un est t'il dans cette situation ?
768,"J'ai pris rendez vous à la clinique du sommeil, deux mois d'attente ..."
769,merci d'avance
770,C'est une raison semblable qui m'a amenée à consulter une clinique du sommeil.
771,"Au moment de m'endormir, j'avais la sensation d'une porte qui se ferme dans ma gorge et je me réveillais à chercher de l'air en urgence."
772,Cela pouvait m'arriver 15-20 fois jusqu'à ce que je m'endormes finalement.
773,Les deux premiers médecins m'ont dit que c'était de l'anxiété..
774,ce qui n'était pas le cas.
775,"Quelques mois plus tard, je suis allée reconsulter et une polysomnographie a effectivement démontrée que je fais de la résistance des voies respiratoires supérieures."
776,"Au moment de l'endormissement, tout relaxe ce qui amenait un reculement de ma langue et un affaisement du palais mou."
777,Je suis traitée depuis 1 an au CPAP et tout va bien.
778,"En parallèle, je vois une physiothérapeute et fais des exercices de renforcement des muscles de la langue afin d'éviter qu'elle recule, ce qui a donné des bons résultats jusqu'à présent."
779,"Effectivement, s'il s'agit d'un problème semblable, les relaxants musculaires et somnifères vont augmenter encore plus la relaxation des muscles et donc, le problème."
780,"Bien qu'on s'en rende compte à l'endormissement, cela continue toute la nuit sans qu'on en soit consient."
781,"Dans votre cas, il se peut que ce soit autre chose, mais un test de sommeil aidera à confirmer ou éliminer la possibilité d'un trouble de sommeil."
782,"Essayez aussi de dormir sur le côté, puisque la langue recule moins."
783,Bonne chance!
784,"Deux questions me turlupinent, arrivez vous a dormir avec cette fameuse machine ?"
785,Pourriez vous m'expliquer les exercices pour muscler la langue ?
786,"Je me dis que je pourrais essayer dans un premier temps, j'ai rien à perdre."
787,"Et enfin dernière chose, j'ai le sommeil très léger, j'ai peur de ne pas pouvoir trouver le sommeil lors du test à la clinique, je suis capable de faire une nuit blanche, ce qui ne permettra pas d'objectivé le phénomène :( Etes vous arrivez à dormir ?"
788,propose t'il dans relaxant pour faciliter l'endormissement ?
789,Merci d'avance
790,"Bonsoir, moi la nuit de l'enregistrement j'ai eu l'impression d'avoir fait une nuit blanche, pourtant aux vu de l'enregistrement j'ai dormi.."
791,"vous vous endormirez forcément, ne vous inquiétez pas."
792,"Bonjour,"
793,"Je ne pense pas qu'un relaxant soit donné puisqu'il pourrait fausser les résultats en causant un relâchement des muscles impliqués dans le troubles de sommeil, mais je peux me tromper."
794,"Comme dit Marie, il ne faut pas s'inquiéter pour le test de sommeil."
795,"Ce ne sera pas la meilleure nuit ni la plus confortable, mais vous dormirez suffisamment pour que la collecte de données se fasse :)"
796,"Assurez-vous d'avoir un test de qualité ""hôpital"" et non pas un test à la maison."
797,Les médecins ne s'entendent pas sur le sujet..
798,certains considèrent que le test maison est aussi valide.
799,"Mais, mon pneumo a confirmé que le test maison permet seulement de détecter les troubles de sommeil modéré-sévère."
800,"Le mien, qui est modéré-léger, n'est pas apparu sur le test maison, mais sur le test à l'hôpital oui."
801,"Comme je m'étranglais à l'endormissement, j'aurais pu croire qu'il était de forme sévère, mais non!"
802,Pour les exercices qui permettent de tonifier la langue et diminuer son recul lors du sommeil...
803,je ne sais pas si c'est la meilleure idée de les faire sans un physiothérapeute spécialisé dans le sujet.
804,"J'ai pris quelques séances pour les maîtriser bien, avec les instructions du physio, car il y a plusieurs détails qui font toute la différence (que seuls un physio peut corriger correctement)."
805,"Aussi, si les exercices aident un peu, mais qu'ils ne sont pas bien maîtrisés, ils vont peut-être mener à un résultat négatif au test de sommeil sans que votre problème soit réglé de façon permanente et adéquate pour autant."
806,"Si vous voulez quand même que je vous explique les exercices, écrivez-moi en privé et je vous les décrirai."
807,120
808,Q/REPONSE AVEC UN MEDECIN - RECUPERATION LE 03/04/2020
809,----------------------------------------------------------------------
810,Bonsoir à tous .
811,"Une petite question, sait on vraiment comment se transmet ce virus et ne limitons pas son impact , y aura il un effet boomerang dans plusieurs mois?"
812,"Le fait de rester confiné en étant malade chez soi m inquiète , nous sommes loin du système chinois qui a construit rapidement des hôpitaux ."
813,"Bonjour,"
814,"On ne sait pas tout de ce nouveau virus, y compris à propos de sa transmission."
815,"On sait tout de même qu’elle se fait majoritairement par voie aérienne, via les postillons émis par la personne infectée."
816,"Quant au confinement, il peut être anxiogène mais dès lors qu’il n’y a pas de signes respiratoires préoccupants, c’est chez soi qu’on est le plus en sécurité."
817,Bien cordialement
818,Dr A Marceau
819,"Bonjour,"
820,Les pneumologues ont donné des consignes aux asthmatiques par rapport à l’utilisation de leur traitement à base de cortisone en cette période de coronavirus.
821,Y en a t-il aussi pour nous?
822,On nous prescrit en effet de la cortisone en cas de nausées et aussi avant certaine chimiothérapie.
823,Pour ma part je prends du prednisone avant chaque chimiothérapie hebdomadaire de Taxol.
824,"Je m'inquiète aussi des contacts très rapprochés que nous avons avec le personnel de l'hôpital (lors des auscultations par exemple) et des laboratoires d’analyses sans aucun masque ni sur nous ni sur eux, alors que nous sommes fragiles."
825,Est ce normal?
826,Merci pour vos réponses.
827,"Cordialement, Nadine"
828,"Bonjour Nadine,"
829,"La corticothérapie est fortement déconseillée actuellement pour tous ceux qui font appel à ce type de traitement pour des affections bénignes, notamment ORL."
830,"En revanche, dans le cadre de protocoles de soins pour un cancer, il faut respecter les prescriptions de l'oncologue."
831,"Quant aux contacts avec les soignants, ceux-ci font de leur mieux pour ne pas être eux-mêmes vecteurs du virus."
832,Bien cordialement
833,Dr A.Marceau
834,"Bonsoir,"
835,"Dans le cadre de sa première séance de chimio qui aura lieu ce lundi 16 mars, mon papa a dû prendre des anti-inflammatoire ce soir."
836,La question qui me vient alors est : un dépistage ne doit il pas avoir lieu pour prévenir d un éventuel cas de covid 19?
837,Tout en sachant que la prise d anti inflammatoire peut avoir de lourdes conséquences sur la santé ?
838,"Sans même parler de ceci, dans le cas de personnes vulnérables en cours de traitement, ne serait il pas judicieux de faire un test ?"
839,Vous remerciant pour vos commentaires.
840,"Bonjour Cindy,"
841,"Dès lors que votre père n'a pas été en contact direct avec une personne diagnostiquée positive pour le coronavirus, il n'y a pas lieu de lui faire le test."
842,"la prise d'un anti-inflammatoire dans le cadre de son protocole de soins n'est pas à remettre en cause, ce qui est actuellement déconseillé, c'est la prise de ce type de médicament en dehors d'un contexte médical le justifiant."
843,Bien cordialement
844,Dr A.Marceau
845,Bonjour
846,Ma maman a été opérée mardi dernier d'un cancer du sein.
847,"Pas de traitement pour l'instant, elle revoit son chirurgien dans 3 semaines pour connaître la suite du traitement."
848,Est-elle plus vulnérable au Covid ?
849,Elle a 62 ans.
850,"Elle vit seule et a besoin d'aide (repas, ménage, courses ..)."
851,Si je ne vais plus la voir je ne sais pas comment elle pourra faire.
852,Merci pour votre réponse
853,"Bonjour,"
854,Votre mère doit respecter scrupuleusement le confinement chez elle car elle est fragilisée par sa récente intervention.
855,Vous pouvez cependant faire des courses pour elle et les lui apporter.
856,"Evitez cependant les embrassades, de la toucher, lavez-vous bien les mains régulièrement et demandez à votre mère de se laver les mains après avoir rangé les courses que vous lui aurez apportées."
857,Bien cordialement
858,Dr A.Marceau
859,Bonjour.
860,Je viens de terminer mon traitement contre le cancer du col de l'utérus (chimio terminée le 28 janvier et rayons et j'ai eu une curiethérapie le 5 février).
861,Suis je une personne à haut risque comme les personnes en traitement ?
862,J'ai 32 ans et n'ai pas encore fait mon irm et tep scan de contrôle.
863,Merci de votre réponse et de me dire quelles précautions je dois prendre.
864,Aurelie Lomenech
865,"Bonjour Aurélie,"
866,"Tout dépend de vos défenses immunitaires, lesquelles peuvent être fragilisées durant une chimiothérapie."
867,"Mais celle-ci étant terminée depuis près de 2 mois, ces défenses sont certainement revenues à la normale, ce d'autant que la curiethérapie ne les perturbe pas et qu'à 32 ans, vos capacités de récupération sont optimales."
868,Vous n'êtes donc pas considérée comme à haut risque et devez simplement appliquer scrupuleusement les mesures barrières.
869,Bien cordialement
870,Dr A.Marceau
871,Bonjour
872,"Ayant eu une maladie de Hodgkin stade IV soignée par chimiothérapie renforcée il y a 10 ans, est-on plus vulnérable au coronavirus ?"
873,A-t-on plus de risques de complications si on l'attrape?
874,Je continue de travailler ne pouvant faire du télétravail.
875,Merci de votre réponse
876,Bien cordialement
877,"Bonjour,"
878,"Si vous n'avez fait aucune rechute en 10 ans, vous êtes considéré comme guéri et en l'absence de comorbidité, vous n'êtes pas plus à risque d'être infecté par le coronavirus."
879,"Mais si vous deviez être infecté, votre risque de complication est bien difficile sinon impossible à prévoir."
880,"On sait juste que les personnes ayant une comorbidité telle que maladie cardiaque, maladie pulmonaire, diabète, obésité, cancer en évolution, ont plus de risque de développer une complication."
881,Bien cordialement
882,Dr A.Marceau
883,"Bonjour,"
884,"Je suis traitée en chimiothérapie (la 6e a eu lieu fin février, donc il y a 3 semaines) pour un sarcome."
885,Mon compagnon continue de travailler dans son usine qui n'a pas fermé.
886,Il a donc été en contact :
887,"1) Avec des collègues qui ont dû quitter leur travail, des personnes de leur entourage ayant été contaminées par le Covid-19"
888,"2) Et, possiblement, avec des porteurs de la maladie, asymptomatiques."
889,"Ma question est la suivante : quelles sont les précautions à prendre par mon compagnon, lorsqu'il rentre à la maison."
890,"Est-il possible d'avoir une routine précise et officielle à suivre, car établie par un professionnel de santé, que je puisse lui mettre sous les yeux ?"
891,"Pour lui, ses collègues ""psychotent"" et ont peur inutilement."
892,Je n'ai pas l'énergie ni de légitimité professionnelle dans la santé pour le convaincre d'adopter des mesures qui me semblent de bon sens.
893,"Bonjour,"
894,Votre compagnon peut être porteur sain du COVID-19 dès lors qu'il a été en contact avec des personnes elles-mêmes susceptibles d'être des porteurs sains.
895,"Vous devez donc, durant les 15 prochains jours, rester autant que possible à distance l'un de l'autre."
896,"Et votre compagnon doit, à chaque fois qu'il rentre à la maison, se laver très soigneusement les mains, avec un gel hydro-alcoolique ou à défaut de l'eau et du savon."
897,Bien cordialement
898,Dr A.Marceau
899,"Bonjour à vous, j'espère que vous allez bien."
900,"En cette période de virus, ma mère a contracté dans le passé deux infections pulmonaires, la première il y a 6 ans et la seconde en décembre 2019.."
901,"Bien évidemment, ma mère depuis à souvent des glaires, du mucus qu'elle doit cracher pour bien ""libérer"" ses poumons, cela fait elle une personne à risque ?"
902,"Merci, bien à vous."
903,"Bonjour,"
904,"Votre mère semble avoir une fragilité pulmonaire, peut-être en raison d'une pathologie pulmonaire chronique sous-jacente."
905,"Auquel cas, cela fait d'elle une personne à risque dans la mesure où si elle devait être infectée par le coronavirus, elle serait plus vulnérable."
906,Bien cordialement
907,Dr A.Marceau
908,Se pourrait-il que le coronavirus n'ait qu'un impact faible sur lui même avec un système immunitaire diminué ?
909,Cordialement
910,"Malheureusement, nul ne peut le prédire."
911,"Une précision cependant : les défenses immunitaires de votre fils peuvent n'être que faiblement diminuées malgré la chimio auquel cas, son risque serait faible."
912,"Mais avec ce virus, prédire est impossible puisqu'il occasionne des situations parfois critiques (fort heureusement très rares) chez des sujets jeunes en apparente bonne santé."
913,Bien cordialement
914,Dr A.Marceau
915,"Bonjour,"
916,Ma mère a un symptôme depuis très longtemps et son état se dégrade.
917,Elle a du mal à respirer.
918,"En ce moment, elle ne peut pas se déplacer pour faire ses courses suite a un lymphome et je dois lui venir en aide."
919,"J'ai peur de lui transmettre le virus, sachant que je dois aller travailler."
920,"Bonjour,"
921,Les difficultés respiratoires de votre mère sont-elles apparues récemment ?
922,"Car si c'est le cas et qu'elle a de la fièvre, il faudrait suspecter une infection à coronavirus et appeler le 15."
923,J'espère que ce n'est pas le cas.
924,"Pour protéger votre mère, il faut bien sûr respecter strictement les mesures barrières et lui conseiller de bien se laver les mains après avoir rangé les courses, de ne pas se toucher le visage pendant qu'elle range ses courses et tant qu'elle ne sera pas bien lavée les mains."
925,Bien cordialement
926,Dr A.Marceau
927,bonjour
928,"apres un cancer du colon métastase au foie, en rémission depuis 21 mois, je n'ai plus de rate et je voulais savoir si j'étais réellement plus a risque pour le coronavirus ?"
929,à partir de quels moments dois je contacter mon médecin dès que j'ai plus de 38 de fièvre ?
930,je suis perdue et angoissée
931,merci
932,"Bonjour,"
933,"La rate intervient dans le système immunitaire, vous avez donc un terrain plus fragile vis-à-vis du coronavirus qu'une personne ayant encore sa rate."
934,"Mais il ne faut quand même pas surestimer ce risque, tout à fait gérable par une très bonne observance des mesures-barrières."
935,"Vous devrez contacter votre médecin si vous deviez avoir un syndrome grippal (courbatures, fièvre à plus de 38°, signes respiratoires ou ORL)."
936,Bien cordialement
937,Dr A.Marceau
938,"Bonjour Docteur, J'ai terminé, mi janvier dernier, mon traitement chimio (3 séances de EC100 et 3 séances de Taxotère) contre un cancer du sein."
939,Ce traitement a été suivi de radiothérapie et je commence mon hormonothérapie.
940,"Mon système immunitaire est-il encore faible, 2 mois après la fin de cette chimio ?"
941,"Face au risque de coronavirus, dois-je adopter un comportement autre que celui préconisé pour toute personne qui n'a pas subi ces traitements ?"
942,"Contexte : mon mari sort d'un ""épisode grippal"" : il n'a pas fait de test et son médecin lui a expliqué qu'il avait eu, peut-être, une forme atténuée de coronavirus ou d'une grippe classique."
943,Merci pour votre réponse.
944,Bien cordialement.
945,"Bonjour Christiane,"
946,Tout dépend bien sûr de l'état de votre système immunitaire.
947,"A priori, il devrait être suffisant ; vérifiez sur votre dernier bilan sanguin que vos leucocytes (globules blancs) étaient en nombre suffisant (plus de 3500 ou 4000), de même que les lymphocytes (plus de 1000), ces derniers étant les globules blancs les plus actifs contre les virus."
948,"Si votre mari est sorti de cet épisode ""grippal"", il n'est plus contagieux."
949,"Vous devez appliquer scrupuleusement les mesures-barrières, notamment le confinement chez vous, ni plus, ni moins."
950,Bien cordialement
951,Dr A.Marceau
952,"Bonjour,"
953,J’ai été opéré le 21 février d’une tumeur du testicule par orchidectomie.
954,Suite à cette opération mon testicule est parti pour biopsie.
955,Un résultat préliminaire indique une tumeur bénigne de sertoli.
956,Cependant il s’agit de résultat préliminaire.
957,Ma première question est : pensez vous que j’obtiendrais quand même les résultats définitifs malgré la période de coronavirus ?
958,Et la deuxième est : suis-je une personne à risque du fait de mon opération il y a trois semaines?
959,(J’avais de petits ganglions dans l’abdomen infracentrimetrique lors du scanner abdomino pelvien et rien au scanner thoracique ( je les avais fais la semaine avant l’opération).
960,Et j’ai quelque douleurs intercostales parfois avec toute cette histoire je psychoter un peu Je me demande si finalement c’est une tumeur maligne et que ça se développe.
961,"Bonjour,"
962,Les résultats anapath vous parviendront sans aucun doute mais peut-être avec un peu de retard.
963,"Je ne pense pas qu'à ce stade vous soyez considéré comme une personne à risque puisque jusqu'à preuve du contraire, il s'agissait d'une tumeur bénigne."
964,"Respectez scrupuleusement les mesures barrières, comme chacun doit le faire !"
965,Bien cordialement
966,Dr A.Marceau
967,"Bonjour,"
968,"Je me permets deux petites questions (peut-etre naïves, je m'en excuse d'avance)."
969,1) Je viens de terminer un cycle de 4 chimiothérapie + immunothérapie (le 12 avril).
970,"À partir de quel délai, je ne serai plus considérée comme immunodéprimée ?"
971,3 semaines ?
972,à partir du moment où le taux de globules blanc est dans les normes ?
973,"Je pars du principe que c'est le traitement et non le cancer (poumon pour ma part) qui me rend immunodéprimée, mais peut-être je me trompe ?"
974,2) Est-ce qu'un traitement d'immunothérapie (seul sans chimio) peut créer une déficience de mon immunité ?
975,Merci d'avance pour vos réponses et bravo pour cette belle idée de forum.
976,Fabienne
977,"Bonjour Fabienne,"
978,"La chimiothérapie peut effectivement créer une immunodépression, ce que ne provoque pas le cancer lui-même, du moins vis à vis des microbes."
979,"Car en revanche, le cancer sait bloquer les défenses immunitaires dirigées contre lui et l'immunothérapie consiste justement à restaurer ces défenses dirigées contre les cellules cancéreuses (normalement considérées comme des cellules étrangères, donc devant être éliminées)."
980,Combien de temps après l'arrêt d'une chimiothérapie les défenses immunitaires sont-elles restaurées ?
981,Cela dépend de l'importance de la dépression immunitaire créée par la chimio.
982,"C'est donc la prise de sang qui le déterminera, l'immunité étant a priori restaurée dès lors que les globules blancs sont revenus en nombre suffisant."
983,"Quant à l'immunothérapie, elle peut aussi provoquer une baisse des globules blancs, mais généralement moins importante que sous chimiothérapie."
984,Bien cordialement
985,Dr A.Marceau
986,Bonsoir !
987,"Voilà je vous explique ma situation, j'ai 24 ans et je fume (6 cigarettes par jours) depuis 6 ans environs, depuis 1 semaine j'ai des douleurs intercostale et au niveau du bas du dos qui s'atténue avec le temps."
988,"À savoir que je vais à la salle de sport 3 fois par semaine, du moins avant le confinement."
989,"La semaine dernière j'ai forcé en faisant une série de pompes, une douleur est apparue entre mes côtes lorsque je respiré où selon ma position."
990,"Désormais j'ai mal aux côtes et un peu au dos, quelques fois j'ai une sensation de ""boule"" dans la gorge et une envie de tousser à mon avis c'est juste le stress car je panique facilement."
991,"Je n'ai pas vraiment envie d'appelé et ""déranger""mon médecin alors que d'autre personnes en ont s'en doute plus besoins au vu de la situation."
992,Donc voilà je balise un peu car des douleurs qui persiste après une semaine c'est un peu bizarre et j'ai vraiment peur du pire.
993,J'aimerais connaître votre avis.
994,Merci !
995,"Bonjour,"
996,"En effet, cela ne semble pas bien grave."
997,Le plus probable est que vous ayez eu une déchirure musculaire lors de ces exercices physiques intenses et que par la suite le stress ait amplifié votre symptomatologie.
998,Mon conseil : profiter de cette petite alerte pour arrêter de fumer !
999,"Et si la douleur intercostale persiste, consultez votre médecin traitant, il vous prescrira un traitement antalgique."
1000,Bien cordialement